[{"@type":"mtTask","id":"@1","name":"MCT_SFTP_RuntimeTest","description":"","runtimeEnvironmentId":"@2VhoU3Ej4nhivpdRjhpe8B","maxLogs":10,"verbose":false,"lastRunTime":1564891894000,"mappingId":"@kFw9GqhwryuhyoMUYhcJq7","shortDescription":"","sessionProperties":{},"enableCrossSchemaPushdown":true,"autoTunedApplied":false,"parameterFileName":"param.properties","parameters":[{"@type":"mtTaskParameter","id":14820511,"name":"$Source$","type":"EXTENDED_SOURCE","label":"ftpconn","description":"","uiProperties":{"cnxtype":"FTP/SFTP","connectionParameterized":"true","logcnx":"ftpconn","isMsrcFilterParameterized":"false","isMsrcSortParameterized":"false","objectParameterized":"false","visible":"false"},"sourceConnectionId":"@9VA5eu6d70siTjPnCxtBKr","newFlatFile":false,"newObject":false,"showBusinessNames":true,"naturalOrder":true,"truncateTarget":false,"bulkApiDBTarget":false,"customFuncCfg":{"@type":"customFuncConfig","id":-1,"connections":[],"inputMap":[],"outputFields":[]},"tgtFieldRefs":{},"targetUpdateColumns":[],"extendedObject":{"@type":"extendedObject","object":{"@type":"mObject","name":"emp.csv","label":"emp.csv","metadataUpdated":false,"relations":[],"children":[]},"filters":[],"sortFields":[]},"runtimeAttrs":{},"isRESTModernSource":true,"isFileList":false,"handleSpecialChars":false,"frsAsset":false,"dynamicFileName":false,"fetchMode":"ORIGINAL","tgtObjectAttributes":{},"runtimeParameterData":{"@type":"mtTaskRuntimeParameterData","isConnectionRuntimeParameter":true,"isObjectRuntimeParameter":false,"connectionParameterName":"ftpconn"},"overriddenFields":[]},{"@type":"mtTaskParameter","id":14820512,"name":"$Target$","type":"TARGET","label":"ftpconn","description":"","uiProperties":{"cnxtype":"FTP/SFTP","connectionParameterized":"true","logcnx":"ftpconn","default":"out_sftp.csv","objectParameterized":"false","visible":"false","defaultTargetUpdateColumns":""},"targetConnectionId":"@9VA5eu6d70siTjPnCxtBKr","targetObject":"out_sftp.csv","targetObjectLabel":"out_sftp.csv","newFlatFile":false,"newObject":false,"showBusinessNames":true,"naturalOrder":true,"truncateTarget":false,"bulkApiDBTarget":false,"operationType":"Insert","customFuncCfg":{"@type":"customFuncConfig","id":-1,"connections":[],"inputMap":[],"outputFields":[]},"tgtFieldRefs":{},"targetUpdateColumns":[],"extendedObject":{"@type":"extendedObject","filters":[],"sortFields":[]},"runtimeAttrs":{},"isRESTModernSource":true,"isFileList":false,"handleSpecialChars":false,"frsAsset":false,"dynamicFileName":false,"fetchMode":"ORIGINAL","tgtObjectAttributes":{},"runtimeParameterData":{"@type":"mtTaskRuntimeParameterData","isConnectionRuntimeParameter":true,"isObjectRuntimeParameter":false,"connectionParameterName":"ftpconn"},"overriddenFields":[]}],"sequences":[],"inOutParameters":[],"connRuntimeAttrs":[]}]