[{"@type":"mtTask","id":"@1","name":"MCT_SFTP_RuntimeTest","description":"","runtimeEnvironmentId":"@9Y1cMyKKLP9i2oHNFq2bSL","maxLogs":10,"verbose":false,"mappingId":"@4WmcvpN6fnwjBZRgWdvqmO","shortDescription":"","sessionPropertiesList":[],"enableCrossSchemaPushdown":true,"enableParallelRun":false,"autoTunedApplied":false,"autoTunedAppliedType":"NONE","parameterFileName":"param.properties","serverlessProperties":{},"parameters":[{"@type":"mtTaskParameter","id":2339447,"name":"$Source$","type":"EXTENDED_SOURCE","label":"ftpconn","description":"","uiProperties":{"cnxtype":"FTP/SFTP","connectionParameterized":"true","logcnx":"ftpconn","isMsrcFilterParameterized":"false","isMsrcSortParameterized":"false","objectParameterized":"false","visible":"false"},"sourceConnectionId":"@j3RefZ6kIIifI38GMiOxiq","newFlatFile":false,"newObject":false,"showBusinessNames":true,"naturalOrder":true,"truncateTarget":false,"bulkApiDBTarget":false,"customFuncCfg":{"@type":"customFuncConfig","id":-1,"connections":[],"inputMap":[],"outputFields":[]},"tgtFieldRefs":{},"targetUpdateColumns":[],"extendedObject":{"@type":"extendedObject","object":{"@type":"mObject","name":"emp.csv","label":"emp.csv","metadataUpdated":false,"relations":[],"children":[]},"filters":[],"sortFields":[]},"runtimeAttrs":{},"isRESTModernSource":true,"isFileList":false,"handleSpecialChars":false,"frsAsset":false,"dynamicFileName":false,"currentlyProcessedFileName":false,"fetchMode":"ORIGINAL","tgtObjectAttributes":{},"runtimeParameterData":{"@type":"mtTaskRuntimeParameterData","isConnectionRuntimeParameter":true,"isObjectRuntimeParameter":false,"connectionParameterName":"ftpconn"},"overriddenFields":[]},{"@type":"mtTaskParameter","id":2339449,"name":"$Target$","type":"TARGET","label":"ftpconn","description":"","uiProperties":{"cnxtype":"FTP/SFTP","connectionParameterized":"true","logcnx":"ftpconn","default":"out_sftp.csv","objectParameterized":"false","visible":"false","defaultTargetUpdateColumns":""},"targetConnectionId":"@j3RefZ6kIIifI38GMiOxiq","targetObject":"out_sftp.csv","targetObjectLabel":"out_sftp.csv","newFlatFile":false,"newObject":false,"showBusinessNames":true,"naturalOrder":true,"truncateTarget":false,"bulkApiDBTarget":false,"operationType":"Insert","customFuncCfg":{"@type":"customFuncConfig","id":-1,"connections":[],"inputMap":[],"outputFields":[]},"tgtFieldRefs":{},"targetUpdateColumns":[],"extendedObject":{"@type":"extendedObject","filters":[],"sortFields":[]},"runtimeAttrs":{},"isRESTModernSource":true,"isFileList":false,"handleSpecialChars":false,"frsAsset":false,"dynamicFileName":false,"currentlyProcessedFileName":false,"fetchMode":"ORIGINAL","tgtObjectAttributes":{},"runtimeParameterData":{"@type":"mtTaskRuntimeParameterData","isConnectionRuntimeParameter":true,"isObjectRuntimeParameter":false,"connectionParameterName":"ftpconn"},"overriddenFields":[]}],"sequences":[],"inOutParameters":[],"connRuntimeAttrs":[]}]