[{"@type":"mappingTemplate","id":"@1","name":"CMD_MultiPipeline_Src_Norm_aggr_expr_Tgt_008","description":"","bundleVersion":"0","templateId":"@3","deployTime":1564894270000,"hasParameters":true,"valid":true,"fixedConnection":true,"hasParametersDeployed":true,"fixedConnectionDeployed":true,"tasks":1,"mappingPreviewFileRecordId":"@2","documentType":"","references":[{"@type":"reference","refObjectId":"@21HpO0AvsFekw6FyvDfLIc","refType":"connection"},{"@type":"reference","refObjectId":"@0N6lkhO1d8vhHH9Ccs0k42","refType":"connection"}]}]