[{"@type":"masterTemplate","id":"@1","name":"VT_EXP_FieldMap","description":"","diFileRecordId":"@2","parameters":[{"@type":"mtParameter","id":27365,"name":"$Src$","type":"SOURCE","label":"$Src$","description":"","uiProperties":{}},{"@type":"mtParameter","id":27367,"name":"$fldmap$","type":"STRING","label":"$fldmap$","description":"","uiProperties":{"righttitle":"Out","paramtype":"Fieldmap","lefttitle":"In"}},{"@type":"mtParameter","id":27369,"name":"$EXPR_TGT_Link$","type":"STRING","label":"$EXPR_TGT_Link$","description":"","uiProperties":{}},{"@type":"mtParameter","id":27371,"name":"$Tgt$","type":"TARGET","label":"$Tgt$","description":"","uiProperties":{}}],"sessionAttrs":{},"wizardMetadata":{"@type":"mtWizardMetadata","steps":[{"@type":"mtWizardStep","id":"1829","name":"Other","title":"Other Parameters"}]}}]