[{"@type":"workflow","id":"@1","name":"LTF_inlineActionDepen","maxLogs":10,"references":[{"@type":"reference","refObjectId":"@4yFSPsgZWYkeWpPUGvBhsW","refType":"mtTask"},{"@type":"reference","refObjectId":"@lopswsgDWWubLz3rhHlxoy","refType":"dssTask"},{"@type":"reference","refObjectId":"@3NsZQN6DA8QgKJVVxV9G6Z","refType":"drsTask"},{"@type":"reference","refObjectId":"@3mLZXkgPIQVbU3qWYqXjsk","refType":"pcsTask"}],"tasks":[{"@type":"workflowTask","taskId":"@4yFSPsgZWYkeWpPUGvBhsW","type":"MTT","name":"MCT_inlineActionDepen","stopOnError":false,"stopOnWarning":false},{"@type":"workflowTask","taskId":"@lopswsgDWWubLz3rhHlxoy","type":"DSS","name":"dss_inlineActionDepen","stopOnError":false,"stopOnWarning":false},{"@type":"workflowTask","taskId":"@3NsZQN6DA8QgKJVVxV9G6Z","type":"DRS","name":"drs_inlineActionDepen","stopOnError":false,"stopOnWarning":false},{"@type":"workflowTask","taskId":"@3mLZXkgPIQVbU3qWYqXjsk","type":"PCS","name":"PCS_inlineActionDepen","stopOnError":false,"stopOnWarning":false}]}]