[{"@type":"workflow","id":"@1","name":"LTF_inlineActionDepen","maxLogs":10,"references":[{"@type":"reference","refObjectId":"@4boYa6QvLSbeD5pyeES9O7","refType":"mtTask"},{"@type":"reference","refObjectId":"@cFNJOWsKOQjkCCTtQsHwgz","refType":"dssTask"},{"@type":"reference","refObjectId":"@5wT28g91xiVhJO9Un1SSSJ","refType":"drsTask"},{"@type":"reference","refObjectId":"@7x5W9FErs40eMSeyCguVeA","refType":"pcsTask"}],"tasks":[{"@type":"workflowTask","taskId":"@4boYa6QvLSbeD5pyeES9O7","type":"MTT","name":"MCT_inlineActionDepen","stopOnError":false,"stopOnWarning":false},{"@type":"workflowTask","taskId":"@cFNJOWsKOQjkCCTtQsHwgz","type":"DSS","name":"dss_inlineActionDepen","stopOnError":false,"stopOnWarning":false},{"@type":"workflowTask","taskId":"@5wT28g91xiVhJO9Un1SSSJ","type":"DRS","name":"drs_inlineActionDepen","stopOnError":false,"stopOnWarning":false},{"@type":"workflowTask","taskId":"@7x5W9FErs40eMSeyCguVeA","type":"PCS","name":"PCS_inlineActionDepen","stopOnError":false,"stopOnWarning":false}]}]