[{"@type":"mtTask","id":"@1","name":"MCT_VisioT_SFDCTGT","description":"","runtimeEnvironmentId":"@aTNpDR1dE8rgAsJLno6s8g","maxLogs":10,"verbose":false,"masterTemplateId":"@2fYskd1ApVtlpbYydy980H","shortDescription":"","sessionPropertiesList":[],"enableCrossSchemaPushdown":true,"enableParallelRun":false,"autoTunedApplied":false,"autoTunedAppliedType":"NONE","serverlessProperties":{},"parameters":[{"@type":"mtTaskParameter","id":2353589,"name":"$Src$","type":"SOURCE","label":"$Src$","description":"","uiProperties":{"connectionParameterized":"true","objectParameterized":"true"},"sourceConnectionId":"@dgkJDHuDbwbd0k6c2tIZcz","sourceObject":"accounthistory_sfdc1","sourceObjectLabel":"accounthistory_sfdc1","newFlatFile":false,"newObject":false,"showBusinessNames":true,"naturalOrder":true,"truncateTarget":false,"bulkApiDBTarget":false,"customFuncCfg":{"@type":"customFuncConfig","id":-1,"connections":[],"inputMap":[],"outputFields":[]},"tgtFieldRefs":{},"targetUpdateColumns":[],"runtimeAttrs":{},"isRESTModernSource":true,"isFileList":false,"handleSpecialChars":false,"frsAsset":false,"dynamicFileName":false,"currentlyProcessedFileName":false,"fetchMode":"ORIGINAL","tgtObjectAttributes":{},"runtimeParameterData":{"@type":"mtTaskRuntimeParameterData","isConnectionRuntimeParameter":false,"isObjectRuntimeParameter":false},"overriddenFields":[]},{"@type":"mtTaskParameter","id":2353591,"name":"$Src1$","type":"SOURCE","label":"$Src1$","description":"","uiProperties":{"connectionParameterized":"true","objectParameterized":"true"},"sourceConnectionId":"@dgkJDHuDbwbd0k6c2tIZcz","sourceObject":"accounthistory_sfdc2","sourceObjectLabel":"accounthistory_sfdc2","newFlatFile":false,"newObject":false,"showBusinessNames":true,"naturalOrder":true,"truncateTarget":false,"bulkApiDBTarget":false,"customFuncCfg":{"@type":"customFuncConfig","id":-1,"connections":[],"inputMap":[],"outputFields":[]},"tgtFieldRefs":{},"targetUpdateColumns":[],"runtimeAttrs":{},"isRESTModernSource":true,"isFileList":false,"handleSpecialChars":false,"frsAsset":false,"dynamicFileName":false,"currentlyProcessedFileName":false,"fetchMode":"ORIGINAL","tgtObjectAttributes":{},"runtimeParameterData":{"@type":"mtTaskRuntimeParameterData","isConnectionRuntimeParameter":false,"isObjectRuntimeParameter":false},"overriddenFields":[]},{"@type":"mtTaskParameter","id":2353593,"name":"$Tgt$","type":"TARGET","label":"$Tgt$","description":"","uiProperties":{"connectionParameterized":"true","objectParameterized":"true"},"targetConnectionId":"@9v3Voi39t7Hcjdu4MQpGyf","targetObject":"AccountHistory","targetObjectLabel":"Account History","newFlatFile":false,"newObject":false,"showBusinessNames":true,"naturalOrder":true,"truncateTarget":false,"bulkApiDBTarget":false,"customFuncCfg":{"@type":"customFuncConfig","id":-1,"connections":[],"inputMap":[],"outputFields":[]},"tgtFieldRefs":{},"targetUpdateColumns":[],"extendedObject":{"@type":"extendedObject","filters":[],"sortFields":[]},"runtimeAttrs":{},"isRESTModernSource":true,"isFileList":false,"handleSpecialChars":false,"frsAsset":false,"dynamicFileName":false,"currentlyProcessedFileName":false,"fetchMode":"ORIGINAL","tgtObjectAttributes":{},"runtimeParameterData":{"@type":"mtTaskRuntimeParameterData","isConnectionRuntimeParameter":false,"isObjectRuntimeParameter":false},"overriddenFields":[]}],"sequences":[],"inOutParameters":[],"connRuntimeAttrs":[]}]