[{"@type":"mtTask","id":"@1","name":"MCT_VisioT_t_upd_strategy_parameterized","description":"","runtimeEnvironmentId":"@aTNpDR1dE8rgAsJLno6s8g","maxLogs":10,"verbose":false,"masterTemplateId":"@0wVcJ4xYGNlbfC1bk1xIyJ","shortDescription":"","sessionPropertiesList":[],"enableCrossSchemaPushdown":true,"enableParallelRun":false,"autoTunedApplied":false,"autoTunedAppliedType":"NONE","serverlessProperties":{},"parameters":[{"@type":"mtTaskParameter","id":2353595,"name":"$alldatatypes_src__c$","type":"SOURCE","label":"$alldatatypes_src__c$","description":"","uiProperties":{"connectionParameterized":"true","objectParameterized":"true"},"sourceConnectionId":"@aCiwTq26EoKe1QQtRsCSoQ","sourceObject":"ALC_PRODUCTS","sourceObjectLabel":"ALC_PRODUCTS","newFlatFile":false,"newObject":false,"showBusinessNames":true,"naturalOrder":true,"truncateTarget":false,"bulkApiDBTarget":false,"customFuncCfg":{"@type":"customFuncConfig","id":-1,"connections":[],"inputMap":[],"outputFields":[]},"tgtFieldRefs":{},"targetUpdateColumns":[],"runtimeAttrs":{},"isRESTModernSource":true,"isFileList":false,"handleSpecialChars":false,"frsAsset":false,"dynamicFileName":false,"currentlyProcessedFileName":false,"fetchMode":"ORIGINAL","tgtObjectAttributes":{},"runtimeParameterData":{"@type":"mtTaskRuntimeParameterData","isConnectionRuntimeParameter":false,"isObjectRuntimeParameter":false},"overriddenFields":[]},{"@type":"mtTaskParameter","id":2353597,"name":"$all_dt_mysql_tgt_with_key$","type":"TARGET","label":"$all_dt_mysql_tgt_with_key$","description":"","uiProperties":{"connectionParameterized":"true","objectParameterized":"true"},"targetConnectionId":"@5A2nW7AIycqfAxRUU9n2QA","targetObject":"out_Visio_t_upd_strategy_parameterized","targetObjectLabel":"out_Visio_t_upd_strategy_parameterized","newFlatFile":false,"newObject":true,"showBusinessNames":true,"naturalOrder":true,"newObjectName":"out_Visio_t_upd_strategy_parameterized","truncateTarget":false,"bulkApiDBTarget":false,"customFuncCfg":{"@type":"customFuncConfig","id":-1,"connections":[],"inputMap":[],"outputFields":[]},"tgtFieldRefs":{},"targetUpdateColumns":[],"extendedObject":{"@type":"extendedObject","filters":[],"sortFields":[]},"runtimeAttrs":{},"isRESTModernSource":true,"isFileList":false,"handleSpecialChars":false,"frsAsset":false,"dynamicFileName":false,"currentlyProcessedFileName":false,"fetchMode":"ORIGINAL","tgtObjectAttributes":{},"runtimeParameterData":{"@type":"mtTaskRuntimeParameterData","isConnectionRuntimeParameter":false,"isObjectRuntimeParameter":false},"overriddenFields":[]},{"@type":"mtTaskParameter","id":2353599,"name":"$operation$","type":"STRING","text":"DD_Insert","label":"$operation$","description":"","uiProperties":{},"newFlatFile":false,"newObject":false,"showBusinessNames":true,"naturalOrder":true,"truncateTarget":false,"bulkApiDBTarget":false,"customFuncCfg":{"@type":"customFuncConfig","id":-1,"connections":[],"inputMap":[],"outputFields":[]},"tgtFieldRefs":{},"targetUpdateColumns":[],"runtimeAttrs":{},"isRESTModernSource":true,"isFileList":false,"handleSpecialChars":false,"frsAsset":false,"dynamicFileName":false,"currentlyProcessedFileName":false,"fetchMode":"ORIGINAL","tgtObjectAttributes":{},"runtimeParameterData":{"@type":"mtTaskRuntimeParameterData","isConnectionRuntimeParameter":false,"isObjectRuntimeParameter":false},"overriddenFields":[]}],"sequences":[],"inOutParameters":[],"connRuntimeAttrs":[]}]