[{"@type":"mappingTemplate","id":"@1","name":"Mapping7","description":"","bundleVersion":"0","templateId":"@3","deployTime":1564889096000,"hasParameters":false,"valid":true,"fixedConnection":true,"hasParametersDeployed":false,"fixedConnectionDeployed":true,"tasks":0,"mappingPreviewFileRecordId":"@2","documentType":"","references":[{"@type":"reference","refObjectId":"@7av9dkGNMWyl3T53xnOgoi","refType":"connection"},{"@type":"reference","refObjectId":"@31FOtRk6lMVlbxkMvdJCY3","refType":"connection"}]}]