[{"@type":"mappingTemplate","id":"@1","name":"Mapping7","description":"","bundleVersion":"0","templateId":"@3","deployTime":1561135425000,"hasParameters":false,"valid":true,"fixedConnection":true,"hasParametersDeployed":false,"fixedConnectionDeployed":true,"tasks":0,"mappingPreviewFileRecordId":"@2","documentType":"","references":[{"@type":"reference","refObjectId":"@aO00XBFS8KMeYrDYLjO809","refType":"connection"},{"@type":"reference","refObjectId":"@8KSv6WGNjsxciOBnunCuok","refType":"connection"}]}]