[{"@type":"mappingTemplate","id":"@1","name":"Mapping7","description":"","bundleVersion":"0","templateId":"@3","deployTime":1564890410000,"hasParameters":false,"valid":true,"fixedConnection":true,"hasParametersDeployed":false,"fixedConnectionDeployed":true,"tasks":0,"mappingPreviewFileRecordId":"@2","documentType":"","references":[{"@type":"reference","refObjectId":"@1nO8OUzTqjQfKBdJJeLTe4","refType":"connection"},{"@type":"reference","refObjectId":"@jLSjLgEqow3foO5hbvFWAe","refType":"connection"}]}]