[{"@type":"masterTemplate","id":"@1","name":"VisioT_Union_EXP_Fieldmap","description":"","diFileRecordId":"@2","parameters":[{"@type":"mtParameter","id":27405,"name":"$Src$","type":"SOURCE","label":"$Src$","description":"","uiProperties":{}},{"@type":"mtParameter","id":27407,"name":"$Src1$","type":"SOURCE","label":"$Src1$","description":"","uiProperties":{}},{"@type":"mtParameter","id":27409,"name":"$fldmap$","type":"STRING","label":"$fldmap$","description":"","uiProperties":{"righttitle":"out","paramtype":"Fieldmap","lefttitle":"in"}},{"@type":"mtParameter","id":27411,"name":"$EXPR_TGT_Link$","type":"STRING","label":"$EXPR_TGT_Link$","description":"","uiProperties":{"paramtype":"Expression"}},{"@type":"mtParameter","id":27413,"name":"$Tgt$","type":"TARGET","label":"$Tgt$","description":"","uiProperties":{}}],"sessionAttrs":{},"wizardMetadata":{"@type":"mtWizardMetadata","steps":[{"@type":"mtWizardStep","id":"1833","name":"Other","title":"Other Parameters"}]}}]