[{"@type":"mappingTemplate","id":"@1","name":"CMD_MultiSrcTgt","description":"Both SRC and Tgt Connection and object are parameterized for multiple source and targets","bundleVersion":"0","templateId":"@3","deployTime":1564889099000,"hasParameters":false,"valid":true,"fixedConnection":true,"hasParametersDeployed":false,"fixedConnectionDeployed":true,"tasks":0,"mappingPreviewFileRecordId":"@2","documentType":"","references":[{"@type":"reference","refObjectId":"@1g8c6pWJbg0hKtYLqyLS07","refType":"connection"},{"@type":"reference","refObjectId":"@7diaOhQJa80jF7ZDhdtvoG","refType":"connection"},{"@type":"reference","refObjectId":"@7av9dkGNMWyl3T53xnOgoi","refType":"connection"}]}]