[{"@type":"mappingTemplate","id":"@1","name":"CMD_MultiSrcTgt","description":"Both SRC and Tgt Connection and object are parameterized for multiple source and targets","bundleVersion":"0","templateId":"@3","deployTime":1564890413000,"hasParameters":false,"valid":true,"fixedConnection":true,"hasParametersDeployed":false,"fixedConnectionDeployed":true,"tasks":0,"mappingPreviewFileRecordId":"@2","documentType":"","references":[{"@type":"reference","refObjectId":"@fwlN6ujMEezj18lRphLNG3","refType":"connection"},{"@type":"reference","refObjectId":"@9VA5eu6d70siTjPnCxtBKr","refType":"connection"},{"@type":"reference","refObjectId":"@jLSjLgEqow3foO5hbvFWAe","refType":"connection"}]}]