[{"@type":"masterTemplate","id":"@1","name":"VisioT_t_upd_strategy_parameterized","description":"","diFileRecordId":"@2","parameters":[{"@type":"mtParameter","id":27373,"name":"$alldatatypes_src__c$","type":"SOURCE","label":"$alldatatypes_src__c$","uiProperties":{}},{"@type":"mtParameter","id":27375,"name":"$operation$","type":"STRING","label":"$operation$","description":"","uiProperties":{}},{"@type":"mtParameter","id":27377,"name":"$all_dt_mysql_tgt_with_key$","type":"TARGET","label":"$all_dt_mysql_tgt_with_key$","uiProperties":{}}],"sessionAttrs":{},"wizardMetadata":{"@type":"mtWizardMetadata","steps":[{"@type":"mtWizardStep","id":"1831","name":"Other","title":"Other Parameters"}]}}]