[{"@type":"mappingTemplate","id":"@1","name":"CMD_Src_Norm_Expr_Tgt_004","description":"","bundleVersion":"0","templateId":"@3","deployTime":1564894271000,"hasParameters":true,"valid":true,"fixedConnection":true,"hasParametersDeployed":true,"fixedConnectionDeployed":true,"tasks":1,"mappingPreviewFileRecordId":"@2","documentType":"","references":[{"@type":"reference","refObjectId":"@21HpO0AvsFekw6FyvDfLIc","refType":"connection"},{"@type":"reference","refObjectId":"@0N6lkhO1d8vhHH9Ccs0k42","refType":"connection"}]}]