[{"@type":"mtTask","id":"@1","name":"MCT_SrcParam_Norm_TgtParam_003","description":"","runtimeEnvironmentId":"@dVy4I2O5OItkcSub5CUXoI","maxLogs":10,"verbose":false,"lastRunTime":1564894532000,"mappingId":"@2YSbxR4D3SxfYO1KAR43eM","shortDescription":"","sessionProperties":{},"enableCrossSchemaPushdown":true,"autoTunedApplied":false,"parameters":[{"@type":"mtTaskParameter","id":7577953,"name":"$SRC_SQL$","type":"EXTENDED_SOURCE","label":"SRC_SQL","uiProperties":{"connectionParameterized":"false","isMsrcFilterParameterized":"false","isMsrcSortParameterized":"false","objlabel":"SrcObjectParam","objectParameterized":"true","objDesc":""},"sourceConnectionId":"@21HpO0AvsFekw6FyvDfLIc","newFlatFile":false,"newObject":false,"showBusinessNames":true,"naturalOrder":true,"truncateTarget":false,"bulkApiDBTarget":false,"customFuncCfg":{"@type":"customFuncConfig","id":-1,"connections":[],"inputMap":[],"outputFields":[]},"tgtFieldRefs":{},"targetUpdateColumns":[],"extendedObject":{"@type":"extendedObject","object":{"@type":"mObject","name":"StudentScore","label":"StudentScore","metadataUpdated":false,"relations":[],"children":[]},"filters":[{"@type":"filter","objectName":"StudentScore","field":"StudentName","type":"STRING","operator":"equals","value":"Student2"}],"sortFields":[]},"runtimeAttrs":{},"isRESTModernSource":true,"isFileList":false,"handleSpecialChars":false,"frsAsset":false,"dynamicFileName":false,"fetchMode":"ORIGINAL","tgtObjectAttributes":{},"runtimeParameterData":{"@type":"mtTaskRuntimeParameterData","isConnectionRuntimeParameter":false,"isObjectRuntimeParameter":false,"objectParameterName":"SrcObjectParam"},"overriddenFields":[]},{"@type":"mtTaskParameter","id":7577954,"name":"$TGT_SQL$","type":"TARGET","label":"TGT_SQL","uiProperties":{"connectionParameterized":"false","default":"out_SrcParam_Norm_TgtParam_003_default.csv","objlabel":"TgtObjectParam","objectParameterized":"true","objDesc":"","defaultTargetUpdateColumns":""},"targetConnectionId":"@0N6lkhO1d8vhHH9Ccs0k42","targetObject":"$TGT_SQL","targetObjectLabel":"out_SrcParam_Norm_TgtParam_003.csv","newFlatFile":false,"newObject":true,"showBusinessNames":true,"naturalOrder":true,"newObjectName":"$TGT_SQL","truncateTarget":false,"bulkApiDBTarget":false,"operationType":"Insert","customFuncCfg":{"@type":"customFuncConfig","id":-1,"connections":[],"inputMap":[],"outputFields":[]},"tgtFieldRefs":{},"targetUpdateColumns":[],"extendedObject":{"@type":"extendedObject","filters":[],"sortFields":[]},"runtimeAttrs":{},"isRESTModernSource":true,"isFileList":false,"handleSpecialChars":true,"frsAsset":false,"dynamicFileName":false,"fetchMode":"ORIGINAL","tgtObjectAttributes":{},"runtimeParameterData":{"@type":"mtTaskRuntimeParameterData","isConnectionRuntimeParameter":false,"isObjectRuntimeParameter":false,"objectParameterName":"TgtObjectParam"},"overriddenFields":[]}],"sequences":[],"inOutParameters":[],"connRuntimeAttrs":[]}]