[{"@type":"mtTask","id":"@1","name":"MCT_t_upd_strategy_dd_update","description":"","runtimeEnvironmentId":"@aTNpDR1dE8rgAsJLno6s8g","maxLogs":10,"verbose":false,"masterTemplateId":"@4uDc89sJI33lkfuvrh8JgG","shortDescription":"","sessionPropertiesList":[],"enableCrossSchemaPushdown":true,"enableParallelRun":false,"autoTunedApplied":false,"autoTunedAppliedType":"NONE","serverlessProperties":{},"parameters":[{"@type":"mtTaskParameter","id":2353571,"name":"$alldatatypes_src__c$","type":"SOURCE","label":"$alldatatypes_src__c$","description":"","uiProperties":{"connectionParameterized":"true","objectParameterized":"true"},"sourceConnectionId":"@aCiwTq26EoKe1QQtRsCSoQ","sourceObject":"ALC_PRODUCTS","sourceObjectLabel":"ALC_PRODUCTS","newFlatFile":false,"newObject":false,"showBusinessNames":true,"naturalOrder":true,"truncateTarget":false,"bulkApiDBTarget":false,"customFuncCfg":{"@type":"customFuncConfig","id":-1,"connections":[],"inputMap":[],"outputFields":[]},"tgtFieldRefs":{},"targetUpdateColumns":[],"runtimeAttrs":{},"isRESTModernSource":true,"isFileList":false,"handleSpecialChars":false,"frsAsset":false,"dynamicFileName":false,"currentlyProcessedFileName":false,"fetchMode":"ORIGINAL","tgtObjectAttributes":{},"runtimeParameterData":{"@type":"mtTaskRuntimeParameterData","isConnectionRuntimeParameter":false,"isObjectRuntimeParameter":false},"overriddenFields":[]},{"@type":"mtTaskParameter","id":2353573,"name":"$all_dt_mysql_tgt_with_key$","type":"TARGET","label":"$all_dt_mysql_tgt_with_key$","description":"","uiProperties":{"connectionParameterized":"true","objectParameterized":"true"},"targetConnectionId":"@4APTtDQZsKpl6kY8pFYbIg","targetObject":"OUT_PRODUCTS","targetObjectLabel":"OUT_PRODUCTS","newFlatFile":false,"newObject":false,"showBusinessNames":true,"naturalOrder":true,"truncateTarget":false,"bulkApiDBTarget":false,"customFuncCfg":{"@type":"customFuncConfig","id":-1,"connections":[],"inputMap":[],"outputFields":[]},"tgtFieldRefs":{},"targetUpdateColumns":[],"extendedObject":{"@type":"extendedObject","filters":[],"sortFields":[]},"runtimeAttrs":{},"isRESTModernSource":true,"isFileList":false,"handleSpecialChars":false,"frsAsset":false,"dynamicFileName":false,"currentlyProcessedFileName":false,"fetchMode":"ORIGINAL","tgtObjectAttributes":{},"runtimeParameterData":{"@type":"mtTaskRuntimeParameterData","isConnectionRuntimeParameter":false,"isObjectRuntimeParameter":false},"overriddenFields":[]}],"sequences":[],"inOutParameters":[],"connRuntimeAttrs":[]}]