[{"@type":"mappingTemplate","id":"@1","name":"CMD_TransfNonParamtr","description":"Older scenario","bundleVersion":"0","templateId":"@3","deployTime":1564890416000,"hasParameters":false,"valid":true,"fixedConnection":true,"hasParametersDeployed":false,"fixedConnectionDeployed":true,"tasks":1,"mappingPreviewFileRecordId":"@2","documentType":"","references":[{"@type":"reference","refObjectId":"@4m36XJvsEIygw3ZeLp8XQI","refType":"connection"},{"@type":"reference","refObjectId":"@jLSjLgEqow3foO5hbvFWAe","refType":"connection"}]}]