[{"@type":"mappingTemplate","id":"@1","name":"CMD_TransfNonParamtr","description":"Older scenario","bundleVersion":"0","templateId":"@3","deployTime":1561135422000,"hasParameters":false,"valid":true,"fixedConnection":true,"hasParametersDeployed":false,"fixedConnectionDeployed":true,"tasks":1,"mappingPreviewFileRecordId":"@2","documentType":"","references":[{"@type":"reference","refObjectId":"@3IVARzPouMkhxbDEQUiMma","refType":"connection"},{"@type":"reference","refObjectId":"@8KSv6WGNjsxciOBnunCuok","refType":"connection"}]}]