[{"@type":"mappingTemplate","id":"@1","name":"CMD_TransfNonParamtr","description":"Older scenario","bundleVersion":"0","templateId":"@3","deployTime":1564889097000,"hasParameters":false,"valid":true,"fixedConnection":true,"hasParametersDeployed":false,"fixedConnectionDeployed":true,"tasks":1,"mappingPreviewFileRecordId":"@2","documentType":"","references":[{"@type":"reference","refObjectId":"@6NtpEf0aSThf7IXVCpf5OC","refType":"connection"},{"@type":"reference","refObjectId":"@7av9dkGNMWyl3T53xnOgoi","refType":"connection"}]}]