[{"@type":"mtTask","id":"@1","name":"MCT_TgtConnParam_RDBMS","description":"","runtimeEnvironmentId":"@9Y1cMyKKLP9i2oHNFq2bSL","maxLogs":10,"verbose":false,"mappingId":"@4BfZFWfwGkhlEOvWLuMj89","shortDescription":"","sessionPropertiesList":[],"enableCrossSchemaPushdown":true,"enableParallelRun":false,"autoTunedApplied":false,"autoTunedAppliedType":"NONE","parameterFileName":"param.properties","serverlessProperties":{},"parameters":[{"@type":"mtTaskParameter","id":2339443,"name":"$Source$","type":"EXTENDED_SOURCE","label":"SRC_SQL_In","description":"","uiProperties":{"cnxtype":"Oracle Or SQL Server","connectionParameterized":"true","logcnx":"SRC_SQL_In","isMsrcFilterParameterized":"false","isMsrcSortParameterized":"false","objlabel":"Src_SQLObj_Param","objectParameterized":"true","objDesc":""},"sourceConnectionId":"@1kQRQXlHSsSjncM9TV1ti7","newFlatFile":false,"newObject":false,"showBusinessNames":true,"naturalOrder":true,"truncateTarget":false,"bulkApiDBTarget":false,"customFuncCfg":{"@type":"customFuncConfig","id":-1,"connections":[],"inputMap":[],"outputFields":[]},"tgtFieldRefs":{},"targetUpdateColumns":[],"extendedObject":{"@type":"extendedObject","object":{"@type":"mObject","name":"ALC_PRODUCTS","label":"ALC_PRODUCTS","metadataUpdated":false,"relations":[],"children":[]},"filters":[],"sortFields":[]},"runtimeAttrs":{},"isRESTModernSource":true,"isFileList":false,"handleSpecialChars":false,"frsAsset":false,"dynamicFileName":false,"currentlyProcessedFileName":false,"fetchMode":"ORIGINAL","tgtObjectAttributes":{},"runtimeParameterData":{"@type":"mtTaskRuntimeParameterData","isConnectionRuntimeParameter":true,"isObjectRuntimeParameter":true,"connectionParameterName":"SRC_SQL_In","objectParameterName":"Src_SQLObj_Param"},"overriddenFields":[]},{"@type":"mtTaskParameter","id":2339445,"name":"$Target$","type":"TARGET","label":"TGT_SQL_In","description":"","uiProperties":{"cnxtype":"Oracle Or SQL Server","connectionParameterized":"true","logcnx":"TGT_SQL_In","default":"OUT_PRODUCTS2","objectParameterized":"false","visible":"false","defaultTargetUpdateColumns":""},"targetConnectionId":"@1kQRQXlHSsSjncM9TV1ti7","targetObject":"OUT_PRODUCTS2","targetObjectLabel":"OUT_PRODUCTS2","newFlatFile":false,"newObject":true,"showBusinessNames":true,"naturalOrder":true,"newObjectName":"OUT_PRODUCTS2","truncateTarget":false,"bulkApiDBTarget":false,"operationType":"Insert","customFuncCfg":{"@type":"customFuncConfig","id":-1,"connections":[],"inputMap":[],"outputFields":[]},"tgtFieldRefs":{},"targetUpdateColumns":[],"extendedObject":{"@type":"extendedObject","filters":[],"sortFields":[]},"runtimeAttrs":{},"isRESTModernSource":true,"isFileList":false,"handleSpecialChars":false,"frsAsset":false,"dynamicFileName":false,"currentlyProcessedFileName":false,"fetchMode":"ORIGINAL","tgtObjectAttributes":{},"runtimeParameterData":{"@type":"mtTaskRuntimeParameterData","isConnectionRuntimeParameter":true,"isObjectRuntimeParameter":false,"connectionParameterName":"TGT_SQL_In"},"overriddenFields":[]}],"sequences":[],"inOutParameters":[],"connRuntimeAttrs":[]}]