[{"@type":"mtTask","id":"@1","name":"MCT_ConnParam_RDBMS","description":"","runtimeEnvironmentId":"@2VhoU3Ej4nhivpdRjhpe8B","maxLogs":10,"verbose":false,"lastRunTime":1564891550000,"mappingId":"@19qo5L25vUycQCx6O3sX2n","shortDescription":"","sessionProperties":{},"enableCrossSchemaPushdown":true,"autoTunedApplied":false,"parameterFileName":"param.properties","parameters":[{"@type":"mtTaskParameter","id":14820515,"name":"$Source$","type":"EXTENDED_SOURCE","label":"SRC_SQL_In","description":"","uiProperties":{"cnxtype":"Oracle Or SQL Server","connectionParameterized":"true","logcnx":"SRC_SQL_In","isMsrcFilterParameterized":"false","isMsrcSortParameterized":"false","objlabel":"Src_SQLObj_Param","objectParameterized":"true","objDesc":""},"sourceConnectionId":"@6fGNWCDjHa0kLlY6ouvimy","newFlatFile":false,"newObject":false,"showBusinessNames":true,"naturalOrder":true,"truncateTarget":false,"bulkApiDBTarget":false,"customFuncCfg":{"@type":"customFuncConfig","id":-1,"connections":[],"inputMap":[],"outputFields":[]},"tgtFieldRefs":{},"targetUpdateColumns":[],"extendedObject":{"@type":"extendedObject","object":{"@type":"mObject","name":"ALC_PRODUCTS","label":"ALC_PRODUCTS","metadataUpdated":false,"relations":[],"children":[]},"filters":[],"sortFields":[]},"runtimeAttrs":{},"isRESTModernSource":true,"isFileList":false,"handleSpecialChars":false,"frsAsset":false,"dynamicFileName":false,"fetchMode":"ORIGINAL","tgtObjectAttributes":{},"runtimeParameterData":{"@type":"mtTaskRuntimeParameterData","isConnectionRuntimeParameter":true,"isObjectRuntimeParameter":true,"connectionParameterName":"SRC_SQL_In","objectParameterName":"Src_SQLObj_Param","objectDefaultValue":"ALC_PRODUCTS"},"overriddenFields":[]},{"@type":"mtTaskParameter","id":14820516,"name":"$Target$","type":"TARGET","label":"TGT_SQL_In","description":"","uiProperties":{"cnxtype":"Oracle Or SQL Server","connectionParameterized":"true","logcnx":"TGT_SQL_In","objlabel":"Tgt_SQLObj_Param","objectParameterized":"true","objDesc":"","defaultTargetUpdateColumns":""},"targetConnectionId":"@6fGNWCDjHa0kLlY6ouvimy","targetObject":"ALC_PRODUCTS","targetObjectLabel":"ALC_PRODUCTS","newFlatFile":false,"newObject":false,"showBusinessNames":true,"naturalOrder":true,"truncateTarget":false,"bulkApiDBTarget":false,"operationType":"Insert","customFuncCfg":{"@type":"customFuncConfig","id":-1,"connections":[],"inputMap":[],"outputFields":[]},"tgtFieldRefs":{},"targetUpdateColumns":[],"extendedObject":{"@type":"extendedObject","filters":[],"sortFields":[]},"runtimeAttrs":{},"isRESTModernSource":true,"isFileList":false,"handleSpecialChars":false,"frsAsset":false,"dynamicFileName":false,"fetchMode":"ORIGINAL","tgtObjectAttributes":{},"runtimeParameterData":{"@type":"mtTaskRuntimeParameterData","isConnectionRuntimeParameter":true,"isObjectRuntimeParameter":true,"connectionParameterName":"TGT_SQL_In","objectParameterName":"Tgt_SQLObj_Param","objectDefaultValue":"ALC_PRODUCTS"},"overriddenFields":[]}],"sequences":[],"inOutParameters":[],"connRuntimeAttrs":[]}]