[{"@type":"drsTask","id":"@1","name":"drs_inlineActionDepen","maxLogs":10,"sourceConnectionId":"@932CNzTwCmdiiVoTFsplWB","targetConnectionId":"@7h1W70hPb6hj0njNeCNySJ","tablePrefix":"SF_out42","verbose":false,"fullRefresh":true,"replicateAllObjects":true,"removeDeleted":true,"queryAll":false,"srcShowLabels":false,"maxRows":0,"stopOnError":true,"replicationObjects":[],"excludedReplicationObjects":[],"majorUpdateTime":1590516738000,"metadataMode":0,"bulkApi":false,"base64BodySize":0.0,"bulkApiDBTarget":false,"fieldExclusions":[],"filters":[],"advancedFilters":[],"srcRuntimeAttrs":{"@type":"taskRuntimeAttrs","attrs":{}}}]