[{"@type":"mappingTemplate","id":"@1","name":"CodePage_ChineseUTF2Big5","description":"","bundleVersion":"0","templateId":"@3","deployTime":1599769896000,"hasParameters":false,"valid":true,"fixedConnection":true,"hasParametersDeployed":false,"fixedConnectionDeployed":true,"tasks":0,"mappingPreviewFileRecordId":"@2","documentType":"","references":[{"@type":"reference","refObjectId":"@hHiRirHBkqJeIrxNrYQ9aJ","refType":"connection"},{"@type":"reference","refObjectId":"@4oQLnbTxElMf2Ihd0qoMKz","refType":"connection"}]}]