[{"@type":"mtTask","id":"@1","name":"MCTVisioT_SRCTGTUnion_TC02","description":"","runtimeEnvironmentId":"@aTNpDR1dE8rgAsJLno6s8g","maxLogs":10,"verbose":false,"lastRunTime":1571335000000,"masterTemplateId":"@2fYskd1ApVtlpbYydy980H","shortDescription":"","sessionPropertiesList":[],"enableCrossSchemaPushdown":true,"enableParallelRun":false,"autoTunedApplied":false,"autoTunedAppliedType":"NONE","serverlessProperties":{},"parameters":[{"@type":"mtTaskParameter","id":2353617,"name":"$Src$","type":"SOURCE","label":"$Src$","description":"","uiProperties":{"connectionParameterized":"true","objectParameterized":"true"},"sourceConnectionId":"@8KSv6WGNjsxciOBnunCuok","sourceObject":"emp.csv","sourceObjectLabel":"emp.csv","newFlatFile":false,"newObject":false,"showBusinessNames":true,"naturalOrder":true,"truncateTarget":false,"bulkApiDBTarget":false,"customFuncCfg":{"@type":"customFuncConfig","id":-1,"connections":[],"inputMap":[],"outputFields":[]},"tgtFieldRefs":{},"targetUpdateColumns":[],"runtimeAttrs":{},"isRESTModernSource":true,"isFileList":false,"handleSpecialChars":false,"frsAsset":false,"dynamicFileName":false,"currentlyProcessedFileName":false,"tgtObjectAttributes":{},"runtimeParameterData":{"@type":"mtTaskRuntimeParameterData","isConnectionRuntimeParameter":false,"isObjectRuntimeParameter":false},"overriddenFields":[]},{"@type":"mtTaskParameter","id":2353619,"name":"$Src1$","type":"SOURCE","label":"$Src1$","description":"","uiProperties":{"connectionParameterized":"true","objectParameterized":"true"},"sourceConnectionId":"@8KSv6WGNjsxciOBnunCuok","sourceObject":"emp_duplicate.csv","sourceObjectLabel":"emp_duplicate.csv","newFlatFile":false,"newObject":false,"showBusinessNames":true,"naturalOrder":true,"truncateTarget":false,"bulkApiDBTarget":false,"customFuncCfg":{"@type":"customFuncConfig","id":-1,"connections":[],"inputMap":[],"outputFields":[]},"tgtFieldRefs":{},"targetUpdateColumns":[],"runtimeAttrs":{},"isRESTModernSource":true,"isFileList":false,"handleSpecialChars":false,"frsAsset":false,"dynamicFileName":false,"currentlyProcessedFileName":false,"tgtObjectAttributes":{},"runtimeParameterData":{"@type":"mtTaskRuntimeParameterData","isConnectionRuntimeParameter":false,"isObjectRuntimeParameter":false},"overriddenFields":[]},{"@type":"mtTaskParameter","id":2353621,"name":"$Tgt$","type":"TARGET","label":"$Tgt$","description":"","uiProperties":{"connectionParameterized":"true","objectParameterized":"true"},"targetConnectionId":"@8KSv6WGNjsxciOBnunCuok","targetObject":"out_visio_union.csv","targetObjectLabel":"out_visio_union.csv","newFlatFile":false,"newObject":true,"showBusinessNames":true,"naturalOrder":true,"newObjectName":"out_visio_union.csv","truncateTarget":false,"bulkApiDBTarget":false,"customFuncCfg":{"@type":"customFuncConfig","id":-1,"connections":[],"inputMap":[],"outputFields":[]},"tgtFieldRefs":{},"targetUpdateColumns":[],"extendedObject":{"@type":"extendedObject","filters":[],"sortFields":[]},"runtimeAttrs":{},"isRESTModernSource":true,"isFileList":false,"handleSpecialChars":false,"frsAsset":false,"dynamicFileName":false,"currentlyProcessedFileName":false,"tgtObjectAttributes":{},"runtimeParameterData":{"@type":"mtTaskRuntimeParameterData","isConnectionRuntimeParameter":false,"isObjectRuntimeParameter":false},"overriddenFields":[]}],"sequences":[],"inOutParameters":[],"connRuntimeAttrs":[]}]