[{"@type":"mappingTemplate","id":"@1","name":"CodePage_HebrewArabic_DB2SFTP","description":"","bundleVersion":"0","templateId":"@3","deployTime":1599769894000,"hasParameters":false,"valid":true,"fixedConnection":true,"hasParametersDeployed":false,"fixedConnectionDeployed":true,"tasks":1,"mappingPreviewFileRecordId":"@2","documentType":"","references":[{"@type":"reference","refObjectId":"@5JSeeVtfPWVfTjr7Szv6qE","refType":"connection"},{"@type":"reference","refObjectId":"@hA7siqmlfMig6PtBLPdgup","refType":"connection"}]}]