[{"@type":"workflow","id":"@1","name":"BulkUnlink_LTF_FF_FF","maxLogs":10,"references":[{"@type":"reference","refObjectId":"@k2B1pv4p8IZiS1RtJMis6T","refType":"mtTask"},{"@type":"reference","refObjectId":"@4sm8IelYikFddz0DXRYRGY","refType":"dssTask"}],"tasks":[{"@type":"workflowTask","taskId":"@k2B1pv4p8IZiS1RtJMis6T","type":"MTT","name":"BulkUnlink_LTF_Mapping_Task","stopOnError":false,"stopOnWarning":false},{"@type":"workflowTask","taskId":"@4sm8IelYikFddz0DXRYRGY","type":"DSS","name":"BulkUnlink_LTF_DSS_FF_FF","stopOnError":false,"stopOnWarning":false}]}]