[{"@type":"pcsTask","id":"@1","name":"PCS_ZDTTest","runtimeEnvironmentId":"@aFzb8BBiio1d5OQ8W1djq6","maxLogs":10,"pcXmlFile":"wf_m_ff_ff.XML","workflowName":"wf_m_ff_ff","sessionName":"s_m_ff_ff","mappingName":"m_ff_ff","transformations":[{"@type":"pcsTransformation","name":"FF_ALL","type":"FF_ALL","description":""},{"@type":"pcsTransformation","name":"Sample_input","type":"Sample_input","description":""},{"@type":"pcsTransformation","name":"SQ_Sample_input","type":"SQ_Sample_input","description":""}],"connections":[]}]